,task_id,language_full,language_phrase_1,language_phrase_2,language_phrase_3,language_phrase_4,language_phrase_5,language_phrase_6,language_phrase_7,language_phrase_8,language_phrase_9,language_phrase_10,language_phrase_11,question_sentence,code_phrase_1,code_phrase_2,code_phrase_3,code_phrase_4,code_phrase_5,code_phrase_6,code_phrase_7,code_phrase_8,,,,question_code,answer
0,0,"In the first turn, player O places their mark on the middle slide, 1st row, 3rd column. In the second turn, player X places their mark on the middle slide, 2nd row, 3rd column. In the third turn, player O places their mark on the back slide, 1st row, 3rd column. In the fourth turn, player X places their mark on the back slide, 2nd row, 2nd column. In the fifth turn, player O places their mark on the front slide, 1st row, 3rd column.","In the first turn, player O places their mark on the middle slide, 1st row, 3rd column.","In the second turn, player X places their mark on the middle slide, 2nd row, 3rd column.","In the third turn, player O places their mark on the back slide, 1st row, 3rd column.","In the fourth turn, player X places their mark on the back slide, 2nd row, 2nd column.","In the fifth turn, player O places their mark on the front slide, 1st row, 3rd column.",,,,,,,who wins?,(Add Disc1 to C7),(Add Cross2 to C6),(Add Disc1 to C3),(Add Cross2 to B2),(Add Disc1 to C11),,,,,,,,"player O because three of their marks on the front, middle, and back slide (1st row, 3rd column) form a line."
1,1,"In the first turn, player O places their mark on the front slide, 1st row, 1st column. In the second turn, player X places their mark on the middle slide, 2nd row, 2nd column. In the third turn, player O places their mark on the middle slide, 1st row, 3rd column. In the fourth turn, player X places their mark on the back slide, 2nd row, 2nd column. In the fifth turn, player O places their mark on the front slide, 2nd row, 2nd column. In the sixth turn, player X places their mark on the middle slide, 1st row, 1st column. In the seventh turn, player O places their mark on the middle slide, 3rd row, 3rd column. In the eighth turn, player X places their mark on the back slide, 1st row, 2nd column.","In the first turn, player O places their mark on the front slide, 1st row, 1st column.","In the second turn, player X places their mark on the middle slide, 2nd row, 2nd column.","In the third turn, player O places their mark on the middle slide, 1st row, 3rd column.","In the fourth turn, player X places their mark on the back slide, 2nd row, 2nd column.","In the fifth turn, player O places their mark on the front slide, 2nd row, 2nd column.","In the sixth turn, player X places their mark on the middle slide, 1st row, 1st column.","In the seventh turn, player O places their mark on the middle slide, 3rd row, 3rd column.","In the eighth turn, player X places their mark on the back slide, 1st row, 2nd column.",,,,who wins?,(Add Disc1 to A11),(Add Cross2 to B6),(Add Disc1 to C7),(Add Cross2 to B2),(Add Disc1 to B10),(Add Cross2 to A7),(Add Disc1 to C5),(Add Cross2 to B3),,,,,no one because both players have not formed a line with their marks yet.
2,2,"In the first turn, player O places their mark on the front slide, 2nd row, 1st column. In the second turn, player X places their mark on the back slide, 1st row, 2nd column. In the third turn, player O places their mark on the middle slide, 2nd row, 2nd column. In the fourth turn, player X places their mark on the middle slide, 1st row, 2nd column. In the fifth turn, player O places their mark on the middle slide, 1st row, 3rd column. In the sixth turn, player X places their mark on the front slide, 1st row, 2nd column.","In the first turn, player O places their mark on the front slide, 2nd row, 1st column.","In the second turn, player X places their mark on the back slide, 1st row, 2nd column.","In the third turn, player O places their mark on the middle slide, 2nd row, 2nd column.","In the fourth turn, player X places their mark on the middle slide, 1st row, 2nd column.","In the fifth turn, player O places their mark on the middle slide, 1st row, 3rd column.","In the sixth turn, player X places their mark on the front slide, 1st row, 2nd column.",,,,,,who wins?,(Add Disc1 to A10),(Add Cross2 to B3),(Add Disc1 to B6),(Add Cross2 to B7),(Add Disc1 to C7),(Add Cross2 to B11),,,,,,,"player X because three of their marks on the front, middle, and back slide 1st row, 2nd column form a line"
3,3,"In the first turn, player O places their mark on the back slide, 3rd row, 1st column. In the second turn, player X places their mark on the back slide, 1st row, 1st column. In the third turn, player O places their mark on the middle slide, 1st row, 3rd column. In the fourth turn, player X places their mark on the back slide, 1st row, 2nd column. In the fifth turn, player O places their mark on the middle slide, 2nd row, 2nd column. In the sixth turn, player X places their mark on the back slide, 1st row, 3rd column.","In the first turn, player O places their mark on the back slide, 3rd row, 1st column.","In the second turn, player X places their mark on the back slide, 1st row, 1st column.","In the third turn, player O places their mark on the middle slide, 1st row, 3rd column","In the fourth turn, player X places their mark on the back slide, 1st row, 2nd column.","In the fifth turn, player O places their mark on the middle slide, 2nd row, 2nd column.","In the sixth turn, player X places their mark on the back slide, 1st row, 3rd column.",,,,,,who wins?,(Add Disc1 to A1),(Add Cross2 to A3),(Add Disc1 to C7),(Add Cross2 to B3),(Add Disc1 to B6),(Add Cross2 to C3),,,,,,,Player X because three of their marks on the back slide 1st row form a line.
4,4,"In the first turn, player O places their mark on the middle slide, 1st row, 3rd column.  In the second turn, player X places their mark on the front slide, 1st row, 3rd column.  In the third turn, player O places their mark on the front slide, 2nd row, 3rd column.  In the fourth turn, player X places their mark on the middle slide, 2nd row, 2nd column. In the fifth turn, player O places their mark on the front slide, 3rd row, 2nd column. In the sixth turn, player X places their mark on the back slide, 1st row, 3rd column. 	In the seventh turn, player O places their mark on the back slide, 1st row, 1st column. In the eighth turn, player X places their mark on the back slide, 2nd row, 3rd column.","In the first turn, player O places their mark on the middle slide, 1st row, 3rd column. ","In the second turn, player X places their mark on the front slide, 1st row, 3rd column. ","In the third turn, player O places their mark on the front slide, 2nd row, 3rd column. ","In the fourth turn, player X places their mark on the middle slide, 2nd row, 2nd column. ","In the fifth turn, player O places their mark on the front slide, 3rd row, 2nd column. ","In the sixth turn, player X places their mark on the back slide, 1st row, 3rd column. ","In the seventh turn, player O places their mark on the back slide, 1st row, 1st column. ","In the eighth turn, player X places their mark on the back slide, 2nd row, 3rd column.",,,,who wins?,(Add Disc1 to C11),(Add Cross2 to A7),(Add Disc1 to C6),(Add Cross2 to B6),(Add Disc1 to C5),(Add Cross2 to C7),(Add Disc1 to C1),(Add Cross2 to B7),,,,,Player X because three of their marks on the middle slide 1st row form a line.
5,5,"In the first turn, player O places their mark on the front slide, 1st row, 1st column. In the second turn, player X places their mark on the middle slide, 2nd row, 2nd column. In the third turn, player O places their mark on the back  slide, 1st row, 3rd column. In the fourth turn, player X places their mark on the middle slide, 3rd row, 2nd column. In the fifth turn, player O places their mark on the back slide, 1st row, 1st column. In the sixth turn, player X places their mark on the middle slide, 2nd row, 1st column. In the seventh turn, player O places their mark on the back slide, 1st row, 2nd column. ","In the first turn, player O places their mark on the front slide, 1st row, 1st column. ","In the second turn, player X places their mark on the middle slide, 2nd row, 2nd column. ","In the third turn, player O places their mark on the back  slide, 1st row, 3rd column. ","In the fourth turn, player X places their mark on the middle slide, 3rd row, 2nd column. ","In the fifth turn, player O places their mark on the back slide, 1st row, 1st column. ","In the sixth turn, player X places their mark on the middle slide, 2nd row, 1st column. ","In the seventh turn, player O places their mark on the back slide, 1st row, 2nd column. ",,,,,who wins?,(Add Disc1 to A11),(Add Cross2 to B6),(Add Disc1 to C3),(Add Cross2 to B5),(Add Disc1 to A3),(Add Cross2 to A6),(Add Disc1 to B3),,,,,,player O because three of their marks on the back slide 1st row form a line.
6,6,"In the first turn, player O places their mark on the back slide,2nd row, 2nd column. 	In the second turn, player X places their mark on the middle slide, 2nd row, 2nd column. In the third turn, player O places their mark on the middle slide, 1st row, 2nd column. In the fourth turn, player X places their mark on the middle slide, 3rd row, 1st column. In the fifth turn, player O places their mark on the middle slide, 1st row, 3rd column. In the sixth turn, player X places their mark on the middle slide, 1st row, 1st column. In the seventh turn, player O places their mark on the middle slide, 2nd row, 1st column. In the eighth turn, player X places their mark on the middle slide, 3rd row, 2nd column. In the nineth turn, player O places their mark on the middle slide, 3rd row, 3rd column. In the tenth turn, player X places their mark on the middle slide, 2nd row, 3rd column.","In the first turn, player O places their mark on the back slide,2nd row, 2nd column. ","In the second turn, player X places their mark on the middle slide, 2nd row, 2nd column. ","In the third turn, player O places their mark on the middle slide, 1st row, 2nd column. ","In the fourth turn, player X places their mark on the middle slide, 3rd row, 1st column. ","In the fifth turn, player O places their mark on the middle slide, 1st row, 3rd column. ","In the sixth turn, player X places their mark on the middle slide, 1st row, 1st column. ","In the seventh turn, player O places their mark on the middle slide, 2nd row, 1st column. ","In the eighth turn, player X places their mark on the middle slide, 3rd row, 2nd column.","In the nineth turn, player O places their mark on the middle slide, 3rd row, 3rd column. ","In the tenth turn, player X places their mark on the middle slide, 2nd row, 3rd column.",,who wins?,(Add Disc1 to B2),(Add Cross2 to B6),(Add Disc1 to B7),(Add Cross2 to A5),(Add Disc1 to C7),(Add Cross2 to A7),(Add Disc1 to A6),(Add Cross2 to B5),(Add Disc1 to C5),(Add Cross2 to C6),,,no one because both players have not formed a line with their marks yet.
7,7,"In the first turn, player O places their mark on the back slide,2nd row, 3rd column. In the second turn, player X places their mark on the front  slide, 2nd row, 1st column. In the third turn, player O places their mark on the middle slide, 2nd row, 2nd column. In the fourth turn, player X places their mark on the front slide, 2nd row, 3rd column. In the fifth turn, player O places their mark on the front  slide, 2nd row, 2nd column. In the sixth turn, player X places their mark on the back  slide, 2nd row, 2nd column. In the seventh turn, player O places their mark on the middle slide, 2nd row, 3rd column. In the eighth turn, player X places their mark on the front slide, 3rd row, 1st column. In the nineth turn, player O places their mark on the middle slide, 2nd row, 1st column.","In the first turn, player O places their mark on the back slide,2nd row, 3rd column. ","In the second turn, player X places their mark on the front  slide, 2nd row, 1st column. ","In the third turn, player O places their mark on the middle slide, 2nd row, 2nd column. ","In the fourth turn, player X places their mark on the front slide, 2nd row, 3rd column. ","In the fifth turn, player O places their mark on the front  slide, 2nd row, 2nd column. ","In the sixth turn, player X places their mark on the back  slide, 2nd row, 2nd column. ","In the seventh turn, player O places their mark on the middle slide, 2nd row, 3rd column. ","In the eighth turn, player X places their mark on the front slide, 3rd row, 1st column.","In the nineth turn, player O places their mark on the middle slide, 2nd row, 1st column. ",,,who wins?,(Add Disc1 to C2),(Add Cross2 to A10),(Add Disc1 to B6),(Add Cross2 to C10),(Add Disc1 to B10),(Add Cross2 to B2),(Add Disc1 to C6),(Add Cross2 to A9),(Add Disc1 to A6),,,,player O because three of their marks on the middle slide 2nd row form a line.
8,8,"In the first turn, player O places their mark on the back slide, 3rd row, 3rd column. In the second turn, player X places their mark on the back slide, 3rd row, 1st column. In the third turn, player O places their mark on the front slide, 3rd row, 3rd column. In the fourth turn, player X places their mark on the middle slide, 3rd row, 3rd column. In the fifth turn, player O places their mark on the back slide, 1st row, 3rd column. In the sixth turn, player X places their mark on the back slide, 2nd row, 3rd column. In the seventh turn, player O places their mark on the front slide, 1st row, 3rd column. In the eighth turn, player X places their mark on the front slide, 2nd row, 3rd column. In the nineth turn, player O places their mark on the middle slide, 1st row, 3rd column. ","In the first turn, player O places their mark on the back slide, 3rd row, 3rd column. ","In the second turn, player X places their mark on the back   slide, 3rd row, 1st column. ","In the third turn, player O places their mark on the front  slide, 3rd row, 3rd column. ","In the fourth turn, player X places their mark on the middle  slide, 3rd row, 3rd column. ","In the fifth turn, player O places their mark on the back   slide, 1st row, 3rd column. ","In the sixth turn, player X places their mark on the back    slide, 2nd row, 3rd column. ","In the seventh turn, player O places their mark on the front  slide, 1st row, 3rd column. ","In the eighth turn, player X places their mark on the front slide, 2nd row, 3rd column.","In the nineth turn, player O places their mark on the middle slide, 1st row, 3rd column. ",,,who wins?,(Add Disc1 to C1),(Add Cross2 to A1),(Add Disc1 to C9),(Add Cross2 to C5),(Add Disc1 to C3),(Add Cross2 to C2),(Add Disc1 to C11),(Add Cross2 to C10),(Add Disc1 to C7),,,,"player O because three of their marks on the front, middle, and back slide (1st row, 3rd column) form a line."
9,9,"In the first turn, player O places their mark on the middle slide, 2nd row, 3rd column. In the second turn, player X places their mark on the middle slide, 2nd row, 3rd column. In the third turn, player O places their mark on the middle   slide, 2nd row, 2nd column. In the fourth turn, player X places their mark on the middle slide, 2nd row, 2nd column. In the fifth turn, player O places their mark on the middle    slide, 2nd row, 1st column. ","In the first turn, player O places their mark on the middle  slide, 2nd row, 3rd column. ","In the second turn, player X places their mark on the middle    slide, 2nd row, 3rd column. ","In the third turn, player O places their mark on the middle   slide, 2nd row, 2nd column. ","In the fourth turn, player X places their mark on the middle  slide, 2nd row, 2nd column. ","In the fifth turn, player O places their mark on the middle    slide, 2nd row, 1st column. ",,,,,,,who wins?,(Add Disc1 to C10),(Add Cross2 to C6),(Add Disc1 to B10),(Add Cross2 to B6),(Add Disc1 to A10),,,,,,,,player O because three of their marks on the front slide 2nd row form a line.
